_Id_	_ParentId_	_At_	eventcounter	somethingelse
AnsiStringFixedLength	AnsiStringFixedLength	DateTime	Int64	String
"0crComfr6iLe"		"2015-12-30T08:11:34.9586749Z"	100	"yes"
"hZGDfTSzQLWL"		"2015-12-30T08:11:35.1776874Z"	100	"yes"
"sk5CgBDEFJx0"		"2015-12-30T08:11:35.1776874Z"	100	"yes"
"oVoVCRbXmW82"		"2015-12-30T08:11:35.1776874Z"	100	"yes"
"aj8zNxsGQS7X"		"2015-12-30T08:11:35.1786874Z"	100	"yes"
"4lkZyzWBaDD2"		"2015-12-30T08:11:35.1786874Z"	100	"yes"
"KWs2JysCAxIY"		"2015-12-30T08:11:35.1786874Z"	100	"yes"
"RgZbHNsmm5BA"		"2015-12-30T08:11:35.1786874Z"	100	"yes"
"Pwz1SZtaelZN"		"2015-12-30T08:11:35.1786874Z"	100	"yes"
"CLPwViNMAX8X"		"2015-12-30T08:11:35.1786874Z"	100	"yes"
"4O9JksapJtxL"		"2015-12-30T08:11:35.1786874Z"	100	"yes"
"f8c77Al7YWTL"		"2015-12-30T08:11:35.1796875Z"	100	"yes"
"qWUlMc6HG9eW"		"2015-12-30T08:11:35.1796875Z"	100	"yes"
"ZDUuvsb8DqQU"		"2015-12-30T08:11:35.1796875Z"	100	"yes"
"badAkPaf5BGS"		"2015-12-30T08:11:35.1796875Z"	100	"yes"
"Ux3RF0acbeJA"		"2015-12-30T08:11:35.1796875Z"	100	"yes"
"lselcGw6Xbop"		"2015-12-30T08:11:35.1796875Z"	100	"yes"
"pBuW8yF7Lek1"		"2015-12-30T08:11:35.1796875Z"	100	"yes"
"k9bRH0514YPN"		"2015-12-30T08:11:35.1806876Z"	100	"yes"
"J1KdXml7wu9h"		"2015-12-30T08:11:35.1806876Z"	100	"yes"
"pQYhA5ETVNJ5"		"2015-12-30T08:11:35.1806876Z"	100	"yes"
"sZQa1ok0qDot"		"2015-12-30T08:11:35.1806876Z"	100	"yes"
"d6ekTgPnzDw1"		"2015-12-30T08:11:35.1806876Z"	100	"yes"
"eFJu5yBmOBGo"		"2015-12-30T08:11:35.1806876Z"	100	"yes"
"kcZES8SPF2D0"		"2015-12-30T08:11:35.1806876Z"	100	"yes"
"admGNySMPg7m"		"2015-12-30T08:11:35.1816876Z"	100	"yes"
"VfZ2jN1RDvjs"		"2015-12-30T08:11:35.1816876Z"	100	"yes"
"avdpBav1ZDOG"		"2015-12-30T08:11:35.1816876Z"	100	"yes"
"K4fi2Za2n1Vn"		"2015-12-30T08:11:35.1816876Z"	100	"yes"
"XcW11oLJvPpC"		"2015-12-30T08:11:35.1816876Z"	100	"yes"
"pZCKBqT7VZEt"		"2015-12-30T08:11:35.1816876Z"	100	"yes"
"3RkGZevPGJ4j"		"2015-12-30T08:11:35.1816876Z"	100	"yes"
"KaA9hzCQ4pys"		"2015-12-30T08:11:35.1826877Z"	100	"yes"
"HVYdgQdEnRLq"		"2015-12-30T08:11:35.2826934Z"	100	"yes"
"BHDok8OKZFls"		"2015-12-30T08:11:35.2826934Z"	100	"yes"
"ChRp8IELIH6b"		"2015-12-30T08:11:35.2826934Z"	100	"yes"
"XOkouggPY2EI"		"2015-12-30T08:11:35.2826934Z"	100	"yes"
"7hH1OamwqIBD"		"2015-12-30T08:11:35.2836934Z"	100	"yes"
"7fl2R6k9avzF"		"2015-12-30T08:11:35.2836934Z"	100	"yes"
"0ECKMhhFB1VO"		"2015-12-30T08:11:35.2836934Z"	100	"yes"
"4PNeblTa46b0"		"2015-12-30T08:11:35.2836934Z"	100	"yes"
"SLFTxKOBasNZ"		"2015-12-30T08:11:35.2836934Z"	100	"yes"
"RD7oGRSl6pw7"		"2015-12-30T08:11:35.2836934Z"	100	"yes"
"HvP31M1zfn4e"		"2015-12-30T08:11:35.2836934Z"	100	"yes"
"eCP7UagmW5SS"		"2015-12-30T08:11:35.2846935Z"	100	"yes"
"D5pkla2t0si3"		"2015-12-30T08:11:35.2846935Z"	100	"yes"
"BXl3eE1TlOP3"		"2015-12-30T08:11:35.2846935Z"	100	"yes"
"q4cyqvYXUwvf"		"2015-12-30T08:11:35.2846935Z"	100	"yes"
"m4YWVtPC8Pte"		"2015-12-30T08:11:35.2846935Z"	100	"yes"
"kJbq3CsoPXTk"		"2015-12-30T08:11:35.2846935Z"	100	"yes"
"hnbqZURSa8l2"		"2015-12-30T08:11:35.2856936Z"	100	"yes"
"oXMV0EzdIgzQ"		"2015-12-30T08:11:35.2856936Z"	100	"yes"
"3eegeV7J0jka"		"2015-12-30T08:11:35.2856936Z"	100	"yes"
"pChRG8O7Hsr7"		"2015-12-30T08:11:35.2856936Z"	100	"yes"
"y45DSzs7GEir"		"2015-12-30T08:11:35.2856936Z"	100	"yes"
"Cmuats2SguGw"		"2015-12-30T08:11:35.2856936Z"	100	"yes"
"hQQdSfwAwx5i"		"2015-12-30T08:11:35.2866936Z"	100	"yes"
"0ZtkrMxHeOCs"		"2015-12-30T08:11:35.2866936Z"	100	"yes"
"qUxp2ju1zqHD"		"2015-12-30T08:11:35.2866936Z"	100	"yes"
"p13NOyBg3rBl"		"2015-12-30T08:11:35.2866936Z"	100	"yes"
"55k07zmF9qzh"		"2015-12-30T08:11:35.2866936Z"	100	"yes"
"Ghxa3MfQqVlF"		"2015-12-30T08:11:35.2866936Z"	100	"yes"
"6nrEg5h8iZ9e"		"2015-12-30T08:11:35.2866936Z"	100	"yes"
"vGOyFHWBCXIl"		"2015-12-30T08:11:35.2876937Z"	100	"yes"
"iWh7Utf26Uu7"		"2015-12-30T08:11:35.2876937Z"	100	"yes"
"QEU7YsBJSwGz"		"2015-12-30T08:11:35.3876994Z"	100	"yes"
"KwvZIfB5XEhl"		"2015-12-30T08:11:35.3876994Z"	100	"yes"
"Pm3YHe63hP44"		"2015-12-30T08:11:35.3886994Z"	100	"yes"
"gmXSRi2KZayy"		"2015-12-30T08:11:35.3886994Z"	100	"yes"
"kOUEb7MEg4e2"		"2015-12-30T08:11:35.3886994Z"	100	"yes"
"l2rsGcKqFyQp"		"2015-12-30T08:11:35.3886994Z"	100	"yes"
"sDjGAb9h7gGQ"		"2015-12-30T08:11:35.3886994Z"	100	"yes"
"R9tGPyCe1FZG"		"2015-12-30T08:11:35.3886994Z"	100	"yes"
"3QFCaU7ir1LJ"		"2015-12-30T08:11:35.3886994Z"	100	"yes"
"reZWaeMjTVZs"		"2015-12-30T08:11:35.3886994Z"	100	"yes"
"ImArTKTzJ2fW"		"2015-12-30T08:11:35.3896995Z"	100	"yes"
"OSgPuhF6PGQh"		"2015-12-30T08:11:35.3896995Z"	100	"yes"
"0XFJ0wGObOWJ"		"2015-12-30T08:11:35.3896995Z"	100	"yes"
"eWDgT4actyrg"		"2015-12-30T08:11:35.3896995Z"	100	"yes"
"rGB7Jqp3BHsQ"		"2015-12-30T08:11:35.3896995Z"	100	"yes"
"pw2i0JU56GTZ"		"2015-12-30T08:11:35.3896995Z"	100	"yes"
"jWBi8TO5gnED"		"2015-12-30T08:11:35.3896995Z"	100	"yes"
"XqK2QZpTKKtg"		"2015-12-30T08:11:35.3896995Z"	100	"yes"
"9STTq9zgjgR9"		"2015-12-30T08:11:35.3906996Z"	100	"yes"
"hdltudkbiDLN"		"2015-12-30T08:11:35.3906996Z"	100	"yes"
"vvvvSoTzSq8o"		"2015-12-30T08:11:35.3906996Z"	100	"yes"
"5PJp4RzBTfwr"		"2015-12-30T08:11:35.3906996Z"	100	"yes"
"RH53afudjlb0"		"2015-12-30T08:11:35.3906996Z"	100	"yes"
"bcelzudsvtzM"		"2015-12-30T08:11:35.3906996Z"	100	"yes"
"Ylgh93OqUHm3"		"2015-12-30T08:11:35.3906996Z"	100	"yes"
"6LEI00FehHxg"		"2015-12-30T08:11:35.3916996Z"	100	"yes"
"dq9pwD5x0NtY"		"2015-12-30T08:11:35.3916996Z"	100	"yes"
"m0NKT3hhKuOn"		"2015-12-30T08:11:35.3916996Z"	100	"yes"
"dIdIQy21jYFc"		"2015-12-30T08:11:35.3916996Z"	100	"yes"
"r4jtZngHOhRY"		"2015-12-30T08:11:35.3916996Z"	100	"yes"
"T5xPMfkcXbgi"		"2015-12-30T08:11:35.3916996Z"	100	"yes"
"YIchkM4nlNJm"		"2015-12-30T08:11:35.3916996Z"	100	"yes"
"sGEtPyatxnYz"		"2015-12-30T08:11:35.4917053Z"	100	"yes"
"a57ACWBqfh6z"		"2015-12-30T08:11:35.4917053Z"	100	"yes"
"F7GQ2eriJesR"		"2015-12-30T08:11:35.4917053Z"	100	"yes"
"YwHoc95KjGT6"		"2015-12-30T08:11:35.4917053Z"	100	"yes"
"wvFuOJkETzEW"		"2015-12-30T08:11:35.4917053Z"	100	"yes"
"Ny6MQFV8GOBD"		"2015-12-30T08:11:35.4927054Z"	100	"yes"
"mjCIQv8QQQSM"		"2015-12-30T08:11:35.4927054Z"	100	"yes"
"cVpM7Ux2vgTB"		"2015-12-30T08:11:35.4927054Z"	100	"yes"
"8rVhH1baUrEa"		"2015-12-30T08:11:35.4927054Z"	100	"yes"
"epTBhSB2jQwp"		"2015-12-30T08:11:35.4927054Z"	100	"yes"
"dvbrnl96HWK2"		"2015-12-30T08:11:35.4927054Z"	100	"yes"
"jNUzOiqb2eWw"		"2015-12-30T08:11:35.4937055Z"	100	"yes"
"3yCbH8estl1l"		"2015-12-30T08:11:35.4937055Z"	100	"yes"
"gBQ4aMwQR3rh"		"2015-12-30T08:11:35.4937055Z"	100	"yes"
"Q9S5n3l3HgSe"		"2015-12-30T08:11:35.4937055Z"	100	"yes"
"GeJr8uLHmg9Y"		"2015-12-30T08:11:35.4937055Z"	100	"yes"
"zWaEPZKRcpck"		"2015-12-30T08:11:35.4937055Z"	100	"yes"
"6dmQmZrVhz7p"		"2015-12-30T08:11:35.4947055Z"	100	"yes"
"rpCdRMMnNgKp"		"2015-12-30T08:11:35.4947055Z"	100	"yes"
"TJgVulhxGyW6"		"2015-12-30T08:11:35.4947055Z"	100	"yes"
"3oove6nCOnhM"		"2015-12-30T08:11:35.4947055Z"	100	"yes"
"pvHotuD0jdtG"		"2015-12-30T08:11:35.4947055Z"	100	"yes"
"Co8RuuFvuSn4"		"2015-12-30T08:11:35.4947055Z"	100	"yes"
"EOjBCNOKtHZ1"		"2015-12-30T08:11:35.4957056Z"	100	"yes"
"C5p1o03paqLv"		"2015-12-30T08:11:35.4957056Z"	100	"yes"
"8rOPdwEhUEQF"		"2015-12-30T08:11:35.4957056Z"	100	"yes"
"IcaXApUkvldA"		"2015-12-30T08:11:35.4957056Z"	100	"yes"
"hUQe5ZZDjjNR"		"2015-12-30T08:11:35.4957056Z"	100	"yes"
"JZNR0V4wXQ7X"		"2015-12-30T08:11:35.4967056Z"	100	"yes"
"xxQ2foGpkusk"		"2015-12-30T08:11:35.4967056Z"	100	"yes"
"3zF8sQKPfbpX"		"2015-12-30T08:11:35.4967056Z"	100	"yes"
"1pv0rVPALJns"		"2015-12-30T08:11:35.4967056Z"	100	"yes"
"pgzIZSHF8wfv"		"2015-12-30T08:11:35.5967113Z"	100	"yes"
"ATAlE5BnCSat"		"2015-12-30T08:11:35.5967113Z"	100	"yes"
"s9Jv1mgSeJyU"		"2015-12-30T08:11:35.5967113Z"	100	"yes"
"IdtjoQfbR0o4"		"2015-12-30T08:11:35.5967113Z"	100	"yes"
"j1k0kmRNUFWk"		"2015-12-30T08:11:35.5967113Z"	100	"yes"
"00iOfSyVwJqc"		"2015-12-30T08:11:35.5967113Z"	100	"yes"
"Gf2Aybm9r1Lo"		"2015-12-30T08:11:35.5967113Z"	100	"yes"
"W2DL0LVceXXi"		"2015-12-30T08:11:35.5967113Z"	100	"yes"
"WGvJUKWJByjX"		"2015-12-30T08:11:35.5967113Z"	100	"yes"
"mpZ0f6R5J0f0"		"2015-12-30T08:11:35.5967113Z"	100	"yes"
"7SbmFZIc5dhm"		"2015-12-30T08:11:35.5977114Z"	100	"yes"
"dtBiPPGCQgVV"		"2015-12-30T08:11:35.5977114Z"	100	"yes"
"2tMWluHed1bG"		"2015-12-30T08:11:35.5977114Z"	100	"yes"
"DUKC3LE8REbv"		"2015-12-30T08:11:35.5977114Z"	100	"yes"
"JXV04LNg4ogS"		"2015-12-30T08:11:35.5977114Z"	100	"yes"
"tL6X7sxkjFOB"		"2015-12-30T08:11:35.5977114Z"	100	"yes"
"ikdgAhrMRy6A"		"2015-12-30T08:11:35.5977114Z"	100	"yes"
"uZkYUkoKP6NN"		"2015-12-30T08:11:35.5977114Z"	100	"yes"
"SQCiISepbwRG"		"2015-12-30T08:11:35.5977114Z"	100	"yes"
"JtwYRnYQTf8A"		"2015-12-30T08:11:35.5977114Z"	100	"yes"
"NraZ2QHul9lY"		"2015-12-30T08:11:35.5977114Z"	100	"yes"
"3imH8qQqXNAN"		"2015-12-30T08:11:35.5977114Z"	100	"yes"
"0lbPYjtbvZcl"		"2015-12-30T08:11:35.5977114Z"	100	"yes"
"yyMtCAbufLzD"		"2015-12-30T08:11:35.5977114Z"	100	"yes"
"DLAHLyUWZ6hp"		"2015-12-30T08:11:35.5987115Z"	100	"yes"
"75lktyyvo8UD"		"2015-12-30T08:11:35.5987115Z"	100	"yes"
"0R1fngpT0Avp"		"2015-12-30T08:11:35.5987115Z"	100	"yes"
"21TFTRlH6XsE"		"2015-12-30T08:11:35.5987115Z"	100	"yes"
"jGHhcHyXeVmS"		"2015-12-30T08:11:35.5987115Z"	100	"yes"
"8BZhjTAe6CUW"		"2015-12-30T08:11:35.5987115Z"	100	"yes"
"9jB1okKjGwyl"		"2015-12-30T08:11:35.5987115Z"	100	"yes"
"1FjicUF76cPp"		"2015-12-30T08:11:35.5987115Z"	100	"yes"
"H0Om1vv3Gftj"		"2015-12-30T08:11:35.6987172Z"	100	"yes"
"fet9acr8irf3"		"2015-12-30T08:11:35.6987172Z"	100	"yes"
"gGJ33p8FmcBf"		"2015-12-30T08:11:35.6987172Z"	100	"yes"
"LAVjJRM9z5LN"		"2015-12-30T08:11:35.6987172Z"	100	"yes"
"K3umAxWNoKSh"		"2015-12-30T08:11:35.6987172Z"	100	"yes"
"3vhNWeXwEO8j"		"2015-12-30T08:11:35.6997172Z"	100	"yes"
"4l67ngKdxXfD"		"2015-12-30T08:11:35.6997172Z"	100	"yes"
"m3UcesLV5oTl"		"2015-12-30T08:11:35.6997172Z"	100	"yes"
"qi0Z5BNyWwmW"		"2015-12-30T08:11:35.6997172Z"	100	"yes"
"axbRJPsWs9zS"		"2015-12-30T08:11:35.6997172Z"	100	"yes"
"7U6aUsVE4HFA"		"2015-12-30T08:11:35.6997172Z"	100	"yes"
"sTOCP8JgGb8W"		"2015-12-30T08:11:35.6997172Z"	100	"yes"
"V7XJsKbVMNpA"		"2015-12-30T08:11:35.7007173Z"	100	"yes"
"f2iyI0jAuhQg"		"2015-12-30T08:11:35.7007173Z"	100	"yes"
"zU6tblHGhwTb"		"2015-12-30T08:11:35.7007173Z"	100	"yes"
"etNEEp0vP8m6"		"2015-12-30T08:11:35.7007173Z"	100	"yes"
"SJVVO8FG85Ma"		"2015-12-30T08:11:35.7007173Z"	100	"yes"
"OqclB7PPGbXm"		"2015-12-30T08:11:35.7007173Z"	100	"yes"
"hxqm1Zg3662B"		"2015-12-30T08:11:35.7007173Z"	100	"yes"
"t1jutdIK6JT5"		"2015-12-30T08:11:35.7007173Z"	100	"yes"
"wCa2gBVD7qMg"		"2015-12-30T08:11:35.7007173Z"	100	"yes"
"FkbXQNvcSZ6B"		"2015-12-30T08:11:35.7007173Z"	100	"yes"
"C7hYt1Ima0mt"		"2015-12-30T08:11:35.7007173Z"	100	"yes"
"d6lN50YwCZEf"		"2015-12-30T08:11:35.7007173Z"	100	"yes"
"jhAAl0L9bY5N"		"2015-12-30T08:11:35.7007173Z"	100	"yes"
"4oKNIm0QWloy"		"2015-12-30T08:11:35.7017174Z"	100	"yes"
"krvsqmphInzd"		"2015-12-30T08:11:35.7017174Z"	100	"yes"
"NmuR4Uc86xuN"		"2015-12-30T08:11:35.7017174Z"	100	"yes"
"ufXypOZzHGe8"		"2015-12-30T08:11:35.7017174Z"	100	"yes"
"C7HuQPuh9Y7Q"		"2015-12-30T08:11:35.7017174Z"	100	"yes"
"Anb3ogyanHgd"		"2015-12-30T08:11:35.7017174Z"	100	"yes"
"9h08otN9bnyk"		"2015-12-30T08:11:35.7017174Z"	100	"yes"
"HcUf8lnO3LrY"		"2015-12-30T08:11:35.8017231Z"	100	"yes"
"UFsZbr6yfeHB"		"2015-12-30T08:11:35.8017231Z"	100	"yes"
"87nLSYCbtAXV"		"2015-12-30T08:11:35.8017231Z"	100	"yes"
"rxKR8XEdV3Dg"		"2015-12-30T08:11:35.8017231Z"	100	"yes"
"rUqpOE160A8k"		"2015-12-30T08:11:35.8017231Z"	100	"yes"
"gwwPVYm6Yu2c"		"2015-12-30T08:11:35.8017231Z"	100	"yes"
"aRrjSI6o0xn4"		"2015-12-30T08:11:35.8017231Z"	100	"yes"
"F4LvYhtrHqZS"		"2015-12-30T08:11:35.8017231Z"	100	"yes"
"jMnfrL7Et8rE"		"2015-12-30T08:11:35.8017231Z"	100	"yes"
"xN6LVoB9oftv"		"2015-12-30T08:11:35.8017231Z"	100	"yes"
"4pDgp0rPQIrZ"		"2015-12-30T08:11:35.8017231Z"	100	"yes"
"v1VhvmgajrZx"		"2015-12-30T08:11:35.8017231Z"	100	"yes"
"fVPyyMfb3DB8"		"2015-12-30T08:11:35.8017231Z"	100	"yes"
"ijTjBvzpuuUO"		"2015-12-30T08:11:35.8017231Z"	100	"yes"
"zilDr5TkD3oV"		"2015-12-30T08:11:35.8027231Z"	100	"yes"
"qnHTICUpzzNV"		"2015-12-30T08:11:35.8027231Z"	100	"yes"
"iI5Q5aQJ4DKk"		"2015-12-30T08:11:35.8027231Z"	100	"yes"
"q4hMfbVKoEWr"		"2015-12-30T08:11:35.8027231Z"	100	"yes"
"dNUvVpWgqJPn"		"2015-12-30T08:11:35.8027231Z"	100	"yes"
"FNVA7mzFmE7Q"		"2015-12-30T08:11:35.8027231Z"	100	"yes"
"kKRPEGQ28fGU"		"2015-12-30T08:11:35.8027231Z"	100	"yes"
"KVuOtWOQzAG4"		"2015-12-30T08:11:35.8027231Z"	100	"yes"
"ihkXEFwtQAOb"		"2015-12-30T08:11:35.8027231Z"	100	"yes"
"M8fZRnKzGvXY"		"2015-12-30T08:11:35.8027231Z"	100	"yes"
"u8V0w9mx6Iqo"		"2015-12-30T08:11:35.8027231Z"	100	"yes"
"CwillTSjNNfb"		"2015-12-30T08:11:35.8027231Z"	100	"yes"
"A3yYwYGlrQIb"		"2015-12-30T08:11:35.8027231Z"	100	"yes"
"27zsByOrl5HP"		"2015-12-30T08:11:35.8027231Z"	100	"yes"
"Xxn9Hi4txm4m"		"2015-12-30T08:11:35.8027231Z"	100	"yes"
"OCkeD3lAIhbg"		"2015-12-30T08:11:35.8037232Z"	100	"yes"
"Ex8HwVHmTb6k"		"2015-12-30T08:11:35.8037232Z"	100	"yes"
"EGafPjSILVaF"		"2015-12-30T08:11:35.8037232Z"	100	"yes"
"gSJmzxB8RLIl"		"2015-12-30T08:11:35.9037289Z"	100	"yes"
"iAak9mmwmHbY"		"2015-12-30T08:11:35.9037289Z"	100	"yes"
"23Lynp7L4HT5"		"2015-12-30T08:11:35.9037289Z"	100	"yes"
"drWtV2HOc5kj"		"2015-12-30T08:11:35.9037289Z"	100	"yes"
"VMYK802E3cPo"		"2015-12-30T08:11:35.9037289Z"	100	"yes"
"fRPkijfXL7uZ"		"2015-12-30T08:11:35.9047290Z"	100	"yes"
"B559sWAiVc4K"		"2015-12-30T08:11:35.9047290Z"	100	"yes"
"vS9fxgwsJF03"		"2015-12-30T08:11:35.9047290Z"	100	"yes"
"mUhWuQbOMTFf"		"2015-12-30T08:11:35.9047290Z"	100	"yes"
"2wAiJZpXWkwZ"		"2015-12-30T08:11:35.9047290Z"	100	"yes"
"4QXdWwW7nUyi"		"2015-12-30T08:11:35.9047290Z"	100	"yes"
"73cK0kkDEPXU"		"2015-12-30T08:11:35.9047290Z"	100	"yes"
"F485EXl8lxIv"		"2015-12-30T08:11:35.9057290Z"	100	"yes"
"Sct0PMsjVi75"		"2015-12-30T08:11:35.9057290Z"	100	"yes"
"hmvOEidh9pVg"		"2015-12-30T08:11:35.9057290Z"	100	"yes"
"uF5NCpnNFGyU"		"2015-12-30T08:11:35.9057290Z"	100	"yes"
"JLRgvqTLXI3K"		"2015-12-30T08:11:35.9057290Z"	100	"yes"
"UVhIzvbYqUsO"		"2015-12-30T08:11:35.9067291Z"	100	"yes"
"mQ0Gb29WbAWv"		"2015-12-30T08:11:35.9067291Z"	100	"yes"
"OAxRWwFntBJ1"		"2015-12-30T08:11:35.9067291Z"	100	"yes"
"uTNEL4jTE9ZV"		"2015-12-30T08:11:35.9067291Z"	100	"yes"
"3XbOa8OeKmA6"		"2015-12-30T08:11:35.9067291Z"	100	"yes"
"Ac2fmGngrDwa"		"2015-12-30T08:11:35.9067291Z"	100	"yes"
"foVpycMUe5lr"		"2015-12-30T08:11:35.9077291Z"	100	"yes"
"fcfB8mGRW3vY"		"2015-12-30T08:11:35.9077291Z"	100	"yes"
"hCvDhhNbsdLq"		"2015-12-30T08:11:35.9077291Z"	100	"yes"
"fRNWYGsXClg3"		"2015-12-30T08:11:35.9077291Z"	100	"yes"
"H0338XILuoEB"		"2015-12-30T08:11:35.9077291Z"	100	"yes"
"5PPUozYy8pIP"		"2015-12-30T08:11:35.9077291Z"	100	"yes"
"HwDJL5scRHIZ"		"2015-12-30T08:11:35.9077291Z"	100	"yes"
"tXtw8aiZDspP"		"2015-12-30T08:11:35.9087292Z"	100	"yes"
"zDDG8zCsUSg7"		"2015-12-30T08:11:35.9087292Z"	100	"yes"
"CIAh2tsjS8J3"		"2015-12-30T08:11:36.0087349Z"	100	"yes"
"X4BW4zLON22U"		"2015-12-30T08:11:36.0087349Z"	100	"yes"
"11G0V0aabdgs"		"2015-12-30T08:11:36.0087349Z"	100	"yes"
"RsemPv5InWbK"		"2015-12-30T08:11:36.0087349Z"	100	"yes"
"r5shEvmIrJAs"		"2015-12-30T08:11:36.0097350Z"	100	"yes"
"4SS3ekvQZ8Rk"		"2015-12-30T08:11:36.0097350Z"	100	"yes"
"2RtwnFSA8WSk"		"2015-12-30T08:11:36.0097350Z"	100	"yes"
"rHujA98htM9o"		"2015-12-30T08:11:36.0097350Z"	100	"yes"
"u3RUO8PhVylN"		"2015-12-30T08:11:36.0097350Z"	100	"yes"
"AE1FoZfi3JaE"		"2015-12-30T08:11:36.0097350Z"	100	"yes"
"i12hqTZfKWbA"		"2015-12-30T08:11:36.0097350Z"	100	"yes"
"k2JBbFiMwBZR"		"2015-12-30T08:11:36.0107350Z"	100	"yes"
"ppjELQSkxoCK"		"2015-12-30T08:11:36.0107350Z"	100	"yes"
"Bxi4my5B0nrL"		"2015-12-30T08:11:36.0107350Z"	100	"yes"
"EOcgDi0wjpuh"		"2015-12-30T08:11:36.0107350Z"	100	"yes"
"LErNCIEZWDtR"		"2015-12-30T08:11:36.0107350Z"	100	"yes"
"1844MPwOnx9d"		"2015-12-30T08:11:36.0107350Z"	100	"yes"
"6UeNIzET15gD"		"2015-12-30T08:11:36.0117351Z"	100	"yes"
"HgSigErvAqL7"		"2015-12-30T08:11:36.0117351Z"	100	"yes"
"3R0VyCyndgvt"		"2015-12-30T08:11:36.0117351Z"	100	"yes"
"JhRjohlW3dUQ"		"2015-12-30T08:11:36.0117351Z"	100	"yes"
"Zipt4t002hPB"		"2015-12-30T08:11:36.0117351Z"	100	"yes"
"VKXhEJ2pgde7"		"2015-12-30T08:11:36.0117351Z"	100	"yes"
"5mfvT8cYgHha"		"2015-12-30T08:11:36.0127351Z"	100	"yes"
"Da2WI42tan7Q"		"2015-12-30T08:11:36.0127351Z"	100	"yes"
"BssyGe28ISOG"		"2015-12-30T08:11:36.0127351Z"	100	"yes"
"2JxsPIBakvld"		"2015-12-30T08:11:36.0127351Z"	100	"yes"
"4GVcWOUAip2R"		"2015-12-30T08:11:36.0127351Z"	100	"yes"
"TIHl5lAXyouR"		"2015-12-30T08:11:36.0137352Z"	100	"yes"
"nM4tEqzs8jGn"		"2015-12-30T08:11:36.0137352Z"	100	"yes"
"ek8PmzgiggfA"		"2015-12-30T08:11:36.0137352Z"	100	"yes"
"jSBFDO1tyd08"		"2015-12-30T08:11:36.0137352Z"	100	"yes"
"6Fhq99XQ4pAK"		"2015-12-30T08:11:36.1137409Z"	100	"yes"
"HPEh9RFJ8d2y"		"2015-12-30T08:11:36.1137409Z"	100	"yes"
"5GS7hZWnHeev"		"2015-12-30T08:11:36.1137409Z"	100	"yes"
"Dh0Jz4r9J2Fa"		"2015-12-30T08:11:36.1137409Z"	100	"yes"
"JFATTmAfYCbR"		"2015-12-30T08:11:36.1147410Z"	100	"yes"
"kkexS8GiWXdN"		"2015-12-30T08:11:36.1147410Z"	100	"yes"
"XIwZRrJxzkRQ"		"2015-12-30T08:11:36.1147410Z"	100	"yes"
"dpj3k7mjuGPc"		"2015-12-30T08:11:36.1147410Z"	100	"yes"
"bU18GKQFaK4F"		"2015-12-30T08:11:36.1147410Z"	100	"yes"
"ZArh08a2gNiO"		"2015-12-30T08:11:36.1147410Z"	100	"yes"
"CPArHWjZdm5H"		"2015-12-30T08:11:36.1157410Z"	100	"yes"
"rGsYTogSLAtb"		"2015-12-30T08:11:36.1157410Z"	100	"yes"
"85uAK6qlYnau"		"2015-12-30T08:11:36.1157410Z"	100	"yes"
"4BrwHrSkPU3x"		"2015-12-30T08:11:36.1157410Z"	100	"yes"
"93Ap32FTNM21"		"2015-12-30T08:11:36.1157410Z"	100	"yes"
"54uFxtrSslNO"		"2015-12-30T08:11:36.1157410Z"	100	"yes"
"YoWDwIZHzdiG"		"2015-12-30T08:11:36.1157410Z"	100	"yes"
"LtX0qHf5xjmp"		"2015-12-30T08:11:36.1167411Z"	100	"yes"
"tNmIAqYGq7cI"		"2015-12-30T08:11:36.1167411Z"	100	"yes"
"tk6pBqPwtOW9"		"2015-12-30T08:11:36.1167411Z"	100	"yes"
"8ojZm32dzlDJ"		"2015-12-30T08:11:36.1167411Z"	100	"yes"
"nSJuuMVGT7Lj"		"2015-12-30T08:11:36.1167411Z"	100	"yes"
"wekXuIb5UzBP"		"2015-12-30T08:11:36.1167411Z"	100	"yes"
"mU79AacdZcn8"		"2015-12-30T08:11:36.1177411Z"	100	"yes"
"mRjGgielo7G9"		"2015-12-30T08:11:36.1177411Z"	100	"yes"
"71QCY5flR8pD"		"2015-12-30T08:11:36.1177411Z"	100	"yes"
"d3rY9NWlb19X"		"2015-12-30T08:11:36.1177411Z"	100	"yes"
"eiS8YYvNaUdo"		"2015-12-30T08:11:36.1177411Z"	100	"yes"
"NQplrPJ59v6n"		"2015-12-30T08:11:36.1177411Z"	100	"yes"
"BkLi9IhIZjLc"		"2015-12-30T08:11:36.1187412Z"	100	"yes"
"Mb94kbggiyXE"		"2015-12-30T08:11:36.1187412Z"	100	"yes"
"XsXbpHNJUTuI"		"2015-12-30T08:11:36.1187412Z"	100	"yes"
"3x6z57v09apI"		"2015-12-30T08:11:36.2187469Z"	100	"yes"
"oeNOaTMd1FUx"		"2015-12-30T08:11:36.2187469Z"	100	"yes"
"a4WpDszGqEJ6"		"2015-12-30T08:11:36.2187469Z"	100	"yes"
"UNNNksBNuoOa"		"2015-12-30T08:11:36.2187469Z"	100	"yes"
"twJJWukvPm0m"		"2015-12-30T08:11:36.2187469Z"	100	"yes"
"2tdpO0BLZmR6"		"2015-12-30T08:11:36.2187469Z"	100	"yes"
"IOaRH23UUc8z"		"2015-12-30T08:11:36.2187469Z"	100	"yes"
"w44u6Ed9f64m"		"2015-12-30T08:11:36.2187469Z"	100	"yes"
"4YFJYI04tpKz"		"2015-12-30T08:11:36.2197470Z"	100	"yes"
"YXAwwYZNNE8M"		"2015-12-30T08:11:36.2197470Z"	100	"yes"
"e0o5pOk3V1NJ"		"2015-12-30T08:11:36.2197470Z"	100	"yes"
"8bjgw6wLbdW6"		"2015-12-30T08:11:36.2197470Z"	100	"yes"
"DYdGdBRJtpZm"		"2015-12-30T08:11:36.2197470Z"	100	"yes"
"Svq8zPzVbrOn"		"2015-12-30T08:11:36.2197470Z"	100	"yes"
"ZcYYWMxlR6rt"		"2015-12-30T08:11:36.2197470Z"	100	"yes"
"NjkWqbXGkRwx"		"2015-12-30T08:11:36.2197470Z"	100	"yes"
"KhSgZ2RDbFcb"		"2015-12-30T08:11:36.2197470Z"	100	"yes"
"3qX3CR70P340"		"2015-12-30T08:11:36.2197470Z"	100	"yes"
"F13aRUzWA6ZK"		"2015-12-30T08:11:36.2197470Z"	100	"yes"
"GdZx0il19Xnm"		"2015-12-30T08:11:36.2207470Z"	100	"yes"
"eDxVV8rEND30"		"2015-12-30T08:11:36.2207470Z"	100	"yes"
"mE2SgMl6FQ4G"		"2015-12-30T08:11:36.2207470Z"	100	"yes"
"inDi1mGhb2lW"		"2015-12-30T08:11:36.2207470Z"	100	"yes"
"Ply2x7KwN7EP"		"2015-12-30T08:11:36.2207470Z"	100	"yes"
"zaOKPWgcNPB6"		"2015-12-30T08:11:36.2207470Z"	100	"yes"
"rWAwkyhkcM0Q"		"2015-12-30T08:11:36.2207470Z"	100	"yes"
"oRo1FB4GCFHJ"		"2015-12-30T08:11:36.2207470Z"	100	"yes"
"w3qBD3Fve8GN"		"2015-12-30T08:11:36.2207470Z"	100	"yes"
"bYsig5JaYYNZ"		"2015-12-30T08:11:36.2207470Z"	100	"yes"
"9RNG87i70iOG"		"2015-12-30T08:11:36.2207470Z"	100	"yes"
"tNjfdr5EhtT2"		"2015-12-30T08:11:36.2217471Z"	100	"yes"
"WYRHt01cEC0U"		"2015-12-30T08:11:36.2217471Z"	100	"yes"
"01lZkto46KbP"		"2015-12-30T08:11:36.3217528Z"	100	"yes"
"UFvy4FhDWRef"		"2015-12-30T08:11:36.3217528Z"	100	"yes"
"bC5leCZG2pNv"		"2015-12-30T08:11:36.3217528Z"	100	"yes"
"rsVuJYgKHDrh"		"2015-12-30T08:11:36.3217528Z"	100	"yes"
"R0EyjO2NjrFD"		"2015-12-30T08:11:36.3217528Z"	100	"yes"
"6SUdHlkngBqh"		"2015-12-30T08:11:36.3227529Z"	100	"yes"
"4MwXcDEsk4QP"		"2015-12-30T08:11:36.3227529Z"	100	"yes"
"AiWYgiCXIo4W"		"2015-12-30T08:11:36.3227529Z"	100	"yes"
"pae7gAmo24Vm"		"2015-12-30T08:11:36.3227529Z"	100	"yes"
"Ti8bxmNC6xpz"		"2015-12-30T08:11:36.3227529Z"	100	"yes"
"6se21sxkPxcj"		"2015-12-30T08:11:36.3227529Z"	100	"yes"
"3IAh4HEkArpN"		"2015-12-30T08:11:36.3227529Z"	100	"yes"
"NwM8AzVTT3aB"		"2015-12-30T08:11:36.3227529Z"	100	"yes"
"ZoSzQrGanlGo"		"2015-12-30T08:11:36.3227529Z"	100	"yes"
"DQtWw4rJM9bu"		"2015-12-30T08:11:36.3227529Z"	100	"yes"
"kA2RcPlTIdQk"		"2015-12-30T08:11:36.3227529Z"	100	"yes"
"BOvbdNuBM45l"		"2015-12-30T08:11:36.3227529Z"	100	"yes"
"TdzkE3lpNMqK"		"2015-12-30T08:11:36.3227529Z"	100	"yes"
"Lg1f64mJa7CZ"		"2015-12-30T08:11:36.3237529Z"	100	"yes"
"1PBp3SiZWxHN"		"2015-12-30T08:11:36.3237529Z"	100	"yes"
"AQTP7QkuP0kg"		"2015-12-30T08:11:36.3237529Z"	100	"yes"
"r18KuoBY7bk8"		"2015-12-30T08:11:36.3237529Z"	100	"yes"
"L3eIZAJp9PeN"		"2015-12-30T08:11:36.3237529Z"	100	"yes"
"vsoGZgMIKDgU"		"2015-12-30T08:11:36.3237529Z"	100	"yes"
"6mcKKOQa2Yeh"		"2015-12-30T08:11:36.3237529Z"	100	"yes"
"1DDPDNOBwTtl"		"2015-12-30T08:11:36.3237529Z"	100	"yes"
"XkKY1QPTbET6"		"2015-12-30T08:11:36.3237529Z"	100	"yes"
"qQbNcurfV7uO"		"2015-12-30T08:11:36.3237529Z"	100	"yes"
"ADp2ck8ydM2L"		"2015-12-30T08:11:36.3237529Z"	100	"yes"
"8pLtsP1Hf0gh"		"2015-12-30T08:11:36.3237529Z"	100	"yes"
"E7sqVjjjEco4"		"2015-12-30T08:11:36.3237529Z"	100	"yes"
"g3U0Gz3yYT3o"		"2015-12-30T08:11:36.3237529Z"	100	"yes"
"Ll0Oc0kt4Rly"		"2015-12-30T08:11:36.4237587Z"	100	"yes"
"ghB6hiwWahFU"		"2015-12-30T08:11:36.4237587Z"	100	"yes"
"wrW56dFYBsLk"		"2015-12-30T08:11:36.4237587Z"	100	"yes"
"y4wesjPSTUWj"		"2015-12-30T08:11:36.4237587Z"	100	"yes"
"uL0jOSEuyTRF"		"2015-12-30T08:11:36.4237587Z"	100	"yes"
"Z82f0YEh4KP1"		"2015-12-30T08:11:36.4237587Z"	100	"yes"
"x4DunIP6Flu0"		"2015-12-30T08:11:36.4237587Z"	100	"yes"
"5En55mEBRbTw"		"2015-12-30T08:11:36.4247587Z"	100	"yes"
"uRf0ELpy1GOU"		"2015-12-30T08:11:36.4247587Z"	100	"yes"
"tXuqbGuuCIM0"		"2015-12-30T08:11:36.4247587Z"	100	"yes"
"CL2Ks0S1HCBV"		"2015-12-30T08:11:36.4247587Z"	100	"yes"
"Q1WnB3VbHrTM"		"2015-12-30T08:11:36.4247587Z"	100	"yes"
"lTQuJhEGlTgf"		"2015-12-30T08:11:36.4247587Z"	100	"yes"
"NjW7q1NHPkEX"		"2015-12-30T08:11:36.4247587Z"	100	"yes"
"wni98IWAfKD4"		"2015-12-30T08:11:36.4247587Z"	100	"yes"
"777FsUK1O59b"		"2015-12-30T08:11:36.4247587Z"	100	"yes"
"Nb6GpVsfTYEH"		"2015-12-30T08:11:36.4247587Z"	100	"yes"
"wUCTV3WT5JsQ"		"2015-12-30T08:11:36.4247587Z"	100	"yes"
"mg1lyhGDorKz"		"2015-12-30T08:11:36.4257588Z"	100	"yes"
"y3sqjZXQ2Skn"		"2015-12-30T08:11:36.4257588Z"	100	"yes"
"B06lQRlB13z6"		"2015-12-30T08:11:36.4257588Z"	100	"yes"
"tQ4hYJ361tPS"		"2015-12-30T08:11:36.4257588Z"	100	"yes"
"5nuJMCL1Qu39"		"2015-12-30T08:11:36.4257588Z"	100	"yes"
"Q5C33ue3CmVz"		"2015-12-30T08:11:36.4257588Z"	100	"yes"
"9nsW1JEuLBgD"		"2015-12-30T08:11:36.4257588Z"	100	"yes"
"KDtB6pkzs2YU"		"2015-12-30T08:11:36.4257588Z"	100	"yes"
"kbpICqXDi06r"		"2015-12-30T08:11:36.4257588Z"	100	"yes"
"ueNA0Yu0ubFC"		"2015-12-30T08:11:36.4257588Z"	100	"yes"
"kazrZu0m2TuA"		"2015-12-30T08:11:36.4267588Z"	100	"yes"
"U783U3QbyXg3"		"2015-12-30T08:11:36.4267588Z"	100	"yes"
"nU64TxOzBmg5"		"2015-12-30T08:11:36.4267588Z"	100	"yes"
"zlLpmFIFIyPL"		"2015-12-30T08:11:36.4267588Z"	100	"yes"
"M9hfh4Z8EM8q"		"2015-12-30T08:11:36.5267645Z"	100	"yes"
"pyFyJWfaDU7k"		"2015-12-30T08:11:36.5267645Z"	100	"yes"
"S364EMvLAHTf"		"2015-12-30T08:11:36.5267645Z"	100	"yes"
"WrYnwW2028R3"		"2015-12-30T08:11:36.5267645Z"	100	"yes"
"nGKSs90jSloV"		"2015-12-30T08:11:36.5267645Z"	100	"yes"
"nF2FHcpswIMq"		"2015-12-30T08:11:36.5277646Z"	100	"yes"
"a0T4ZNpPMTIr"		"2015-12-30T08:11:36.5277646Z"	100	"yes"
"RhKOT1AlKMyV"		"2015-12-30T08:11:36.5277646Z"	100	"yes"
"kI8Oaax5mxAP"		"2015-12-30T08:11:36.5277646Z"	100	"yes"
"FHL2ovV0i9Q3"		"2015-12-30T08:11:36.5277646Z"	100	"yes"
"nUNkmPyNNPJ8"		"2015-12-30T08:11:36.5277646Z"	100	"yes"
"NXSd1wGDubEy"		"2015-12-30T08:11:36.5277646Z"	100	"yes"
"DTyDbHoehEzT"		"2015-12-30T08:11:36.5287647Z"	100	"yes"
"QZ3TXEXeOeW3"		"2015-12-30T08:11:36.5287647Z"	100	"yes"
"py4HitObSl5w"		"2015-12-30T08:11:36.5287647Z"	100	"yes"
"Ij5sb25YI7Kr"		"2015-12-30T08:11:36.5287647Z"	100	"yes"
"2GMfHZsZiW53"		"2015-12-30T08:11:36.5287647Z"	100	"yes"
"GJ37lhi2JNcy"		"2015-12-30T08:11:36.5297647Z"	100	"yes"
"eleTdgVoqP2G"		"2015-12-30T08:11:36.5297647Z"	100	"yes"
"O7AWLOZFePK3"		"2015-12-30T08:11:36.5297647Z"	100	"yes"
"NIT101dFNvkI"		"2015-12-30T08:11:36.5297647Z"	100	"yes"
"xn2IgGp9pkqC"		"2015-12-30T08:11:36.5297647Z"	100	"yes"
"yucDDr06djXq"		"2015-12-30T08:11:36.5297647Z"	100	"yes"
"CXquaJbuAo90"		"2015-12-30T08:11:36.5307648Z"	100	"yes"
"RCtbW9ZKBJWq"		"2015-12-30T08:11:36.5307648Z"	100	"yes"
"4ghEu3RuLMAN"		"2015-12-30T08:11:36.5307648Z"	100	"yes"
"dZ4gkXmAv4Ae"		"2015-12-30T08:11:36.5307648Z"	100	"yes"
"7ZFFFY8HeWIQ"		"2015-12-30T08:11:36.5307648Z"	100	"yes"
"Skxva9Wo9SY8"		"2015-12-30T08:11:36.5307648Z"	100	"yes"
"BuMMgwgNKJGt"		"2015-12-30T08:11:36.5307648Z"	100	"yes"
"G3bFCIq7F4lj"		"2015-12-30T08:11:36.5317648Z"	100	"yes"
"OjgL8Pj7d4P5"		"2015-12-30T08:11:36.5317648Z"	100	"yes"
"DtqB9D2Nl3wx"		"2015-12-30T08:11:36.6317705Z"	100	"yes"
"U7A1Ciqer5VI"		"2015-12-30T08:11:36.6317705Z"	100	"yes"
"dP9GFNtkeSWh"		"2015-12-30T08:11:36.6317705Z"	100	"yes"
"MRrPspXvSD47"		"2015-12-30T08:11:36.6317705Z"	100	"yes"
"oBYfAvuLCEhe"		"2015-12-30T08:11:36.6327706Z"	100	"yes"
"bhl3BMiDuqSe"		"2015-12-30T08:11:36.6327706Z"	100	"yes"
"japvpK8NQXwB"		"2015-12-30T08:11:36.6327706Z"	100	"yes"
"CyC4QtzMlcgO"		"2015-12-30T08:11:36.6327706Z"	100	"yes"
"BRkpVnOEyReP"		"2015-12-30T08:11:36.6327706Z"	100	"yes"
"Wlf9zoFtB35o"		"2015-12-30T08:11:36.6327706Z"	100	"yes"
"xSVUHaIZ2xB5"		"2015-12-30T08:11:36.6337707Z"	100	"yes"
"HiIgruI1K2El"		"2015-12-30T08:11:36.6337707Z"	100	"yes"
"GxzR4Y1TGdMA"		"2015-12-30T08:11:36.6337707Z"	100	"yes"
"Z4X9tcY7MTcm"		"2015-12-30T08:11:36.6337707Z"	100	"yes"
"9Ml09RFTMX15"		"2015-12-30T08:11:36.6337707Z"	100	"yes"
"Yf7ml1gw6fD0"		"2015-12-30T08:11:36.6337707Z"	100	"yes"
"0FWWqcRiGLYy"		"2015-12-30T08:11:36.6337707Z"	100	"yes"
"NrTstVa94Hoh"		"2015-12-30T08:11:36.6337707Z"	100	"yes"
"74VWaBTCQ3i0"		"2015-12-30T08:11:36.6337707Z"	100	"yes"
"hR47UNBn34ZC"		"2015-12-30T08:11:36.6347707Z"	100	"yes"
"IyHbp7HC8cwl"		"2015-12-30T08:11:36.6347707Z"	100	"yes"
"7NlToNfepNc7"		"2015-12-30T08:11:36.6347707Z"	100	"yes"
"ZR3MTrBqD7aS"		"2015-12-30T08:11:36.6347707Z"	100	"yes"
"svmHHY9iZaew"		"2015-12-30T08:11:36.6347707Z"	100	"yes"
"OKZOtt9qpJmv"		"2015-12-30T08:11:36.6347707Z"	100	"yes"
"1scHAGWGeyBu"		"2015-12-30T08:11:36.6347707Z"	100	"yes"
"DA1LuSeAQhg5"		"2015-12-30T08:11:36.6347707Z"	100	"yes"
"fWaIsZbZUJgd"		"2015-12-30T08:11:36.6347707Z"	100	"yes"
"QSit0fO6gHGy"		"2015-12-30T08:11:36.6347707Z"	100	"yes"
"PoLJ2gyVBqgn"		"2015-12-30T08:11:36.6347707Z"	100	"yes"
"T6JLjbOrrql0"		"2015-12-30T08:11:36.6357708Z"	100	"yes"
"H02ADSGP21ks"		"2015-12-30T08:11:36.6357708Z"	100	"yes"
"UM5NhrcD0n3N"		"2015-12-30T08:11:36.7357765Z"	100	"yes"
"HUsMjlkwZNC9"		"2015-12-30T08:11:36.7357765Z"	100	"yes"
"6Sd7UllxAAes"		"2015-12-30T08:11:36.7357765Z"	100	"yes"
"lReLMdjEoJcv"		"2015-12-30T08:11:36.7357765Z"	100	"yes"
"cDsgH80JBSWq"		"2015-12-30T08:11:36.7357765Z"	100	"yes"
"QmhaR29TZeM9"		"2015-12-30T08:11:36.7357765Z"	100	"yes"
"vOoM5nwdA23r"		"2015-12-30T08:11:36.7357765Z"	100	"yes"
"g9j2Du03bvub"		"2015-12-30T08:11:36.7367766Z"	100	"yes"
"udAaHRoDushn"		"2015-12-30T08:11:36.7367766Z"	100	"yes"
"TWjy9p6UeD8s"		"2015-12-30T08:11:36.7367766Z"	100	"yes"
"ou66xHGyg5kH"		"2015-12-30T08:11:36.7367766Z"	100	"yes"
"mH5mxd2bOzEy"		"2015-12-30T08:11:36.7367766Z"	100	"yes"
"xRA9m31xR2sq"		"2015-12-30T08:11:36.7367766Z"	100	"yes"
"LvudNr5jf2SG"		"2015-12-30T08:11:36.7367766Z"	100	"yes"
"FSloenKYiDwk"		"2015-12-30T08:11:36.7367766Z"	100	"yes"
"Zzz81Y083S6A"		"2015-12-30T08:11:36.7377766Z"	100	"yes"
"ZBBGsCCPpYza"		"2015-12-30T08:11:36.7377766Z"	100	"yes"
"65lirMkHdrNx"		"2015-12-30T08:11:36.7377766Z"	100	"yes"
"tnz5w3skUSDT"		"2015-12-30T08:11:36.7377766Z"	100	"yes"
"MRTc64f0xn9H"		"2015-12-30T08:11:36.7377766Z"	100	"yes"
"TcWk9nKZDj34"		"2015-12-30T08:11:36.7377766Z"	100	"yes"
"U2Ijb4SxIlcN"		"2015-12-30T08:11:36.7377766Z"	100	"yes"
"kLrrtL8jbhyS"		"2015-12-30T08:11:36.7377766Z"	100	"yes"
"9RMiQ3oGzOWS"		"2015-12-30T08:11:36.7387767Z"	100	"yes"
"imFqqIzPrLvz"		"2015-12-30T08:11:36.7387767Z"	100	"yes"
"tvYCGUeetRxU"		"2015-12-30T08:11:36.7387767Z"	100	"yes"
"OM8doae5Y72c"		"2015-12-30T08:11:36.7387767Z"	100	"yes"
"SLnS8gp9XB7W"		"2015-12-30T08:11:36.7387767Z"	100	"yes"
"RD3A0LHbP8q7"		"2015-12-30T08:11:36.7387767Z"	100	"yes"
"ubqQbdHsemgQ"		"2015-12-30T08:11:36.7387767Z"	100	"yes"
"aXUpdg2mXm8O"		"2015-12-30T08:11:36.7387767Z"	100	"yes"
"K7QTcYrCCThi"		"2015-12-30T08:11:36.7387767Z"	100	"yes"
"2dP1CKH1iS5X"		"2015-12-30T08:11:36.8397824Z"	100	"yes"
"RPHngzSqpWFG"		"2015-12-30T08:11:36.8397824Z"	100	"yes"
"W7JKhzzRC8zo"		"2015-12-30T08:11:36.8397824Z"	100	"yes"
"Z5snjkFHG87J"		"2015-12-30T08:11:36.8397824Z"	100	"yes"
"RAGnbAgUusvZ"		"2015-12-30T08:11:36.8397824Z"	100	"yes"
"XwGswkvvUciI"		"2015-12-30T08:11:36.8407825Z"	100	"yes"
"6Z1adaF2fDv4"		"2015-12-30T08:11:36.8407825Z"	100	"yes"
"ngmqqcbIJwA2"		"2015-12-30T08:11:36.8407825Z"	100	"yes"
"925inGCiwpwx"		"2015-12-30T08:11:36.8407825Z"	100	"yes"
"Xfjfi3uJtoBc"		"2015-12-30T08:11:36.8407825Z"	100	"yes"
"h6LbWxxciKnn"		"2015-12-30T08:11:36.8407825Z"	100	"yes"
"frz4cw0KazFA"		"2015-12-30T08:11:36.8407825Z"	100	"yes"
"IlUNEcvrlNWI"		"2015-12-30T08:11:36.8417826Z"	100	"yes"
"kVQm20CmXhuD"		"2015-12-30T08:11:36.8417826Z"	100	"yes"
"zh6zrNMMC0px"		"2015-12-30T08:11:36.8417826Z"	100	"yes"
"nhHPthfiqneW"		"2015-12-30T08:11:36.8417826Z"	100	"yes"
"6YijnRCrin7h"		"2015-12-30T08:11:36.8417826Z"	100	"yes"
"GCDOYZL2HTCd"		"2015-12-30T08:11:36.8417826Z"	100	"yes"
"svmONTF38mTN"		"2015-12-30T08:11:36.8417826Z"	100	"yes"
"m5D0Rq3YfW6y"		"2015-12-30T08:11:36.8427826Z"	100	"yes"
"GMle0eqIDR7N"		"2015-12-30T08:11:36.8427826Z"	100	"yes"
"vwqB6tWUbsiV"		"2015-12-30T08:11:36.8427826Z"	100	"yes"
"4j9iuoMCbTez"		"2015-12-30T08:11:36.8427826Z"	100	"yes"
"RRFOkB8OMdaa"		"2015-12-30T08:11:36.8427826Z"	100	"yes"
"ADeUCExcRZQQ"		"2015-12-30T08:11:36.8427826Z"	100	"yes"
"gXVsAryNW0Cq"		"2015-12-30T08:11:36.8427826Z"	100	"yes"
"gIiPt1cqjkgj"		"2015-12-30T08:11:36.8437827Z"	100	"yes"
"M7J43wopVtxj"		"2015-12-30T08:11:36.8437827Z"	100	"yes"
"Gf8qHI6FyvM9"		"2015-12-30T08:11:36.8437827Z"	100	"yes"
"ESYkiec56DXt"		"2015-12-30T08:11:36.8437827Z"	100	"yes"
"HH53Wu7S5t5b"		"2015-12-30T08:11:36.8437827Z"	100	"yes"
"eMnVf9TNzECg"		"2015-12-30T08:11:36.8437827Z"	100	"yes"
"SEUTvpaCAiDS"		"2015-12-30T08:11:36.9437884Z"	100	"yes"
"zA7SDUc0qcYm"		"2015-12-30T08:11:36.9437884Z"	100	"yes"
"jRhLHnkmX37S"		"2015-12-30T08:11:36.9437884Z"	100	"yes"
"fCv84UtsZ3hl"		"2015-12-30T08:11:36.9437884Z"	100	"yes"
"FuP3UpfBY8Oq"		"2015-12-30T08:11:36.9437884Z"	100	"yes"
"W5mk7Aa3MmWm"		"2015-12-30T08:11:36.9437884Z"	100	"yes"
"Wr0fQDEpX3vF"		"2015-12-30T08:11:36.9437884Z"	100	"yes"
"X8rMtLwTPl7Q"		"2015-12-30T08:11:36.9447885Z"	100	"yes"
"4qduBV6wP9vo"		"2015-12-30T08:11:36.9447885Z"	100	"yes"
"drkOAvsXyHwS"		"2015-12-30T08:11:36.9447885Z"	100	"yes"
"OCTE3xJTAQLW"		"2015-12-30T08:11:36.9447885Z"	100	"yes"
"KlCCfl3C93Is"		"2015-12-30T08:11:36.9447885Z"	100	"yes"
"zvG9H3nJYrHr"		"2015-12-30T08:11:36.9447885Z"	100	"yes"
"oXyIP1EjUK0C"		"2015-12-30T08:11:36.9447885Z"	100	"yes"
"MAFxzIUOujL5"		"2015-12-30T08:11:36.9447885Z"	100	"yes"
"DgMOHoyDRmpw"		"2015-12-30T08:11:36.9447885Z"	100	"yes"
"wRKEZ57BTnY5"		"2015-12-30T08:11:36.9457885Z"	100	"yes"
"fHYebZUCiEvH"		"2015-12-30T08:11:36.9457885Z"	100	"yes"
"hhyUVjPr5HJm"		"2015-12-30T08:11:36.9457885Z"	100	"yes"
"slX7wk9JDpAu"		"2015-12-30T08:11:36.9457885Z"	100	"yes"
"Xzjq9GQxjeH4"		"2015-12-30T08:11:36.9457885Z"	100	"yes"
"zztJuEYweAM2"		"2015-12-30T08:11:36.9457885Z"	100	"yes"
"PVV4Ui0dYCE7"		"2015-12-30T08:11:36.9457885Z"	100	"yes"
"6HVgxxP1jKYa"		"2015-12-30T08:11:36.9457885Z"	100	"yes"
"8H5JhvTuSiIz"		"2015-12-30T08:11:36.9467886Z"	100	"yes"
"ReZrhRLfUOEa"		"2015-12-30T08:11:36.9467886Z"	100	"yes"
"Q3P4GB2KOYfY"		"2015-12-30T08:11:36.9467886Z"	100	"yes"
"tDC90btOmGHH"		"2015-12-30T08:11:36.9467886Z"	100	"yes"
"toJ40BF1N52N"		"2015-12-30T08:11:36.9467886Z"	100	"yes"
"Yrf6J8Qz42k9"		"2015-12-30T08:11:36.9467886Z"	100	"yes"
"0aV3QbakbDt7"		"2015-12-30T08:11:36.9467886Z"	100	"yes"
"jfnGGa4el7iR"		"2015-12-30T08:11:36.9467886Z"	100	"yes"
"Q0jyoGQsFMRR"		"2015-12-30T08:11:37.0467943Z"	100	"yes"
"BOJcRiaJjYme"		"2015-12-30T08:11:37.0467943Z"	100	"yes"
"UKqpCxcHvKZS"		"2015-12-30T08:11:37.0467943Z"	100	"yes"
"sW1GPwtAOl1W"		"2015-12-30T08:11:37.0467943Z"	100	"yes"
"vZ1YEjETIKiN"		"2015-12-30T08:11:37.0467943Z"	100	"yes"
"99cPCWpOOyWS"		"2015-12-30T08:11:37.0477943Z"	100	"yes"
"zIQwBMZ2pRDp"		"2015-12-30T08:11:37.0477943Z"	100	"yes"
"leaAGfF6LUDk"		"2015-12-30T08:11:37.0477943Z"	100	"yes"
"0rtXix966NGG"		"2015-12-30T08:11:37.0477943Z"	100	"yes"
"K5SLrH0Kvfiz"		"2015-12-30T08:11:37.0477943Z"	100	"yes"
"YbtBzKYZQpI3"		"2015-12-30T08:11:37.0477943Z"	100	"yes"
"XKwxZcUbjEsg"		"2015-12-30T08:11:37.0487944Z"	100	"yes"
"150UAZbyfD7a"		"2015-12-30T08:11:37.0487944Z"	100	"yes"
"0N3YMefkPfuA"		"2015-12-30T08:11:37.0487944Z"	100	"yes"
"luZrl4KlQpjh"		"2015-12-30T08:11:37.0487944Z"	100	"yes"
"mX6U3GavtYr6"		"2015-12-30T08:11:37.0487944Z"	100	"yes"
"OsHOMV69xiAU"		"2015-12-30T08:11:37.0487944Z"	100	"yes"
"2Ukl6aFAYVl5"		"2015-12-30T08:11:37.0487944Z"	100	"yes"
"lXnW1lr0s734"		"2015-12-30T08:11:37.0497945Z"	100	"yes"
"2HMsBf3uYZvu"		"2015-12-30T08:11:37.0497945Z"	100	"yes"
"752zvhEquVu7"		"2015-12-30T08:11:37.0497945Z"	100	"yes"
"veabxfECWsRh"		"2015-12-30T08:11:37.0497945Z"	100	"yes"
"VGUSpKJmSnU3"		"2015-12-30T08:11:37.0497945Z"	100	"yes"
"4lqFUELegBKb"		"2015-12-30T08:11:37.0497945Z"	100	"yes"
"PoD2PtrObCuS"		"2015-12-30T08:11:37.0497945Z"	100	"yes"
"0mw9GGL6gkai"		"2015-12-30T08:11:37.0507945Z"	100	"yes"
"w4rSTqYpeiel"		"2015-12-30T08:11:37.0507945Z"	100	"yes"
"Wv1XJNY8s696"		"2015-12-30T08:11:37.0507945Z"	100	"yes"
"ts7xaXwM05jN"		"2015-12-30T08:11:37.0507945Z"	100	"yes"
"FYUwBe4pY0En"		"2015-12-30T08:11:37.0507945Z"	100	"yes"
"rCiW37Ji8JMk"		"2015-12-30T08:11:37.0507945Z"	100	"yes"
"QC4XakZK1y2Z"		"2015-12-30T08:11:37.0517946Z"	100	"yes"
"N3IWhPMX3vGr"		"2015-12-30T08:11:37.1518003Z"	100	"yes"
"0TSFxfLVTzwc"		"2015-12-30T08:11:37.1518003Z"	100	"yes"
"YvCLvaeiqpYS"		"2015-12-30T08:11:37.1518003Z"	100	"yes"
"e1nZkUpr62oD"		"2015-12-30T08:11:37.1518003Z"	100	"yes"
"6S53ODDyXqJ2"		"2015-12-30T08:11:37.1518003Z"	100	"yes"
"zH5xq0i8RG3F"		"2015-12-30T08:11:37.1528003Z"	100	"yes"
"QkXk8EQWUeI9"		"2015-12-30T08:11:37.1528003Z"	100	"yes"
"JjQU0ICtMpT7"		"2015-12-30T08:11:37.1528003Z"	100	"yes"
"xe4xR009M8Cf"		"2015-12-30T08:11:37.1528003Z"	100	"yes"
"NeCJB7cdKtxb"		"2015-12-30T08:11:37.1528003Z"	100	"yes"
"j0UZ93ZtPHS0"		"2015-12-30T08:11:37.1528003Z"	100	"yes"
"gIQaUH4F2JB7"		"2015-12-30T08:11:37.1538004Z"	100	"yes"
"tiThO127Ww0s"		"2015-12-30T08:11:37.1538004Z"	100	"yes"
"CBvtuTgufuog"		"2015-12-30T08:11:37.1538004Z"	100	"yes"
"uVlg1Eyjx5BE"		"2015-12-30T08:11:37.1538004Z"	100	"yes"
"FX6pl1WMOid4"		"2015-12-30T08:11:37.1538004Z"	100	"yes"
"45L4EkO1TAaX"		"2015-12-30T08:11:37.1538004Z"	100	"yes"
"gEjibgbNDShF"		"2015-12-30T08:11:37.1538004Z"	100	"yes"
"JKTJcSKQBWVd"		"2015-12-30T08:11:37.1548005Z"	100	"yes"
"Az8qPcEtyq7c"		"2015-12-30T08:11:37.1548005Z"	100	"yes"
"eRVvlnYoqNGN"		"2015-12-30T08:11:37.1548005Z"	100	"yes"
"tholvbjBiahO"		"2015-12-30T08:11:37.1548005Z"	100	"yes"
"OJ5IzuSNhy30"		"2015-12-30T08:11:37.1548005Z"	100	"yes"
"54eAy6CFsVKo"		"2015-12-30T08:11:37.1548005Z"	100	"yes"
"aqqbEQbAo0Nn"		"2015-12-30T08:11:37.1548005Z"	100	"yes"
"KIDlWZandnme"		"2015-12-30T08:11:37.1558005Z"	100	"yes"
"8sdqSMxeZHig"		"2015-12-30T08:11:37.1558005Z"	100	"yes"
"5xd4FTs7Fwv1"		"2015-12-30T08:11:37.1558005Z"	100	"yes"
"GWaJIgJmZpBr"		"2015-12-30T08:11:37.1558005Z"	100	"yes"
"1ZIlNFG2fCRk"		"2015-12-30T08:11:37.1558005Z"	100	"yes"
"1dS49ZHUGQsz"		"2015-12-30T08:11:37.1558005Z"	100	"yes"
"oLGclvkt7p7W"		"2015-12-30T08:11:37.1568006Z"	100	"yes"
"dmmRKJl3FCXK"		"2015-12-30T08:11:37.2568063Z"	100	"yes"
"ZrdTvYvPqn4f"		"2015-12-30T08:11:37.2568063Z"	100	"yes"
"ogD2Wj98pr1D"		"2015-12-30T08:11:37.2568063Z"	100	"yes"
"XVVUnNl1C1o5"		"2015-12-30T08:11:37.2568063Z"	100	"yes"
"19w8fiaRbRGn"		"2015-12-30T08:11:37.2568063Z"	100	"yes"
"OSntWjQQxMH9"		"2015-12-30T08:11:37.2578064Z"	100	"yes"
"DQCE7Ho1bfGt"		"2015-12-30T08:11:37.2578064Z"	100	"yes"
"g9gWrPPMlROU"		"2015-12-30T08:11:37.2578064Z"	100	"yes"
"itkhEByWqdB6"		"2015-12-30T08:11:37.2578064Z"	100	"yes"
"ANWVFYOK9Jbu"		"2015-12-30T08:11:37.2588064Z"	100	"yes"
"WnnVfstT3RsQ"		"2015-12-30T08:11:37.2588064Z"	100	"yes"
"2eULSfaUxvC7"		"2015-12-30T08:11:37.2588064Z"	100	"yes"
"BOlkKtEEAILu"		"2015-12-30T08:11:37.2588064Z"	100	"yes"
"4C7keXGbpGf0"		"2015-12-30T08:11:37.2588064Z"	100	"yes"
"KAehDuLkQlc0"		"2015-12-30T08:11:37.2588064Z"	100	"yes"
"SEIAugfduHwu"		"2015-12-30T08:11:37.2588064Z"	100	"yes"
"wOPm02snCWbX"		"2015-12-30T08:11:37.2598065Z"	100	"yes"
"B0n9hnzg2dTn"		"2015-12-30T08:11:37.2598065Z"	100	"yes"
"QW7TsnIyD3qd"		"2015-12-30T08:11:37.2598065Z"	100	"yes"
"zElINBXtZ2Q1"		"2015-12-30T08:11:37.2598065Z"	100	"yes"
"ata3NWFyM2r3"		"2015-12-30T08:11:37.2598065Z"	100	"yes"
"Vdo7HdG0eVOU"		"2015-12-30T08:11:37.2598065Z"	100	"yes"
"kRKpKmctE07a"		"2015-12-30T08:11:37.2598065Z"	100	"yes"
"RChgNbwHQC0y"		"2015-12-30T08:11:37.2598065Z"	100	"yes"
"b4WbhBjdS3yg"		"2015-12-30T08:11:37.2608065Z"	100	"yes"
"hpiHPaZXmR4o"		"2015-12-30T08:11:37.2608065Z"	100	"yes"
"fDTkix4xQllt"		"2015-12-30T08:11:37.2608065Z"	100	"yes"
"oGMUE3S02maz"		"2015-12-30T08:11:37.2608065Z"	100	"yes"
"1toWjPttBv0t"		"2015-12-30T08:11:37.2608065Z"	100	"yes"
"hEsc7CJeawQU"		"2015-12-30T08:11:37.2608065Z"	100	"yes"
"XDScm6FxcQdl"		"2015-12-30T08:11:37.2608065Z"	100	"yes"
"Lfm82Fo6NAMS"		"2015-12-30T08:11:37.2608065Z"	100	"yes"
"xs37zmNuLtHw"		"2015-12-30T08:11:37.3608122Z"	100	"yes"
"NOZvA0Vg5v1c"		"2015-12-30T08:11:37.3608122Z"	100	"yes"
"QQFBkyqShuRB"		"2015-12-30T08:11:37.3608122Z"	100	"yes"
"c4Mze6gIVi0u"		"2015-12-30T08:11:37.3608122Z"	100	"yes"
"2qJcWFVWlNIQ"		"2015-12-30T08:11:37.3608122Z"	100	"yes"
"5NIq5TKXUhIL"		"2015-12-30T08:11:37.3608122Z"	100	"yes"
"ed1K58ka5wEB"		"2015-12-30T08:11:37.3608122Z"	100	"yes"
"Fz6iyLbgwuhP"		"2015-12-30T08:11:37.3608122Z"	100	"yes"
"DYXASgKk4nnx"		"2015-12-30T08:11:37.3608122Z"	100	"yes"
"O8R0vyrQlFxZ"		"2015-12-30T08:11:37.3608122Z"	100	"yes"
"KYDcoPb37dkA"		"2015-12-30T08:11:37.3608122Z"	100	"yes"
"NAzxs7uD01El"		"2015-12-30T08:11:37.3618123Z"	100	"yes"
"5pz1Luz03E5c"		"2015-12-30T08:11:37.3618123Z"	100	"yes"
"AUgs5Q3hZltc"		"2015-12-30T08:11:37.3618123Z"	100	"yes"
"Cv3V25gsUEiy"		"2015-12-30T08:11:37.3618123Z"	100	"yes"
"XFXo7fFLnjFV"		"2015-12-30T08:11:37.3618123Z"	100	"yes"
"sZKFZC6D1KrR"		"2015-12-30T08:11:37.3618123Z"	100	"yes"
"ochciOsqtKxS"		"2015-12-30T08:11:37.3618123Z"	100	"yes"
"pcmoH8uQ3HD0"		"2015-12-30T08:11:37.3618123Z"	100	"yes"
"S7kQ4XdpL9jG"		"2015-12-30T08:11:37.3618123Z"	100	"yes"
"CUv6kcUZATB4"		"2015-12-30T08:11:37.3618123Z"	100	"yes"
"FZSHvUy9QhMQ"		"2015-12-30T08:11:37.3618123Z"	100	"yes"
"kiQv2SZP4SDa"		"2015-12-30T08:11:37.3618123Z"	100	"yes"
"NENfQMk3nE13"		"2015-12-30T08:11:37.3618123Z"	100	"yes"
"NmHqcdX34O35"		"2015-12-30T08:11:37.3628124Z"	100	"yes"
"UQPBRfGhbRP9"		"2015-12-30T08:11:37.3628124Z"	100	"yes"
"FyVWYwfn7vAd"		"2015-12-30T08:11:37.3628124Z"	100	"yes"
"XNs0vS3m2xSo"		"2015-12-30T08:11:37.3628124Z"	100	"yes"
"2tsYEDgHsCLb"		"2015-12-30T08:11:37.3628124Z"	100	"yes"
"xilU7S8B7hC0"		"2015-12-30T08:11:37.3628124Z"	100	"yes"
"DgAgfijnzlEk"		"2015-12-30T08:11:37.3628124Z"	100	"yes"
"4jYNRwuMdKme"		"2015-12-30T08:11:37.3628124Z"	100	"yes"
"leHsD18wxSMs"		"2015-12-30T08:11:37.4628181Z"	100	"yes"
"xuLFipXSvC6A"		"2015-12-30T08:11:37.4628181Z"	100	"yes"
"wRIOBWxnSQm8"		"2015-12-30T08:11:37.4628181Z"	100	"yes"
"ClsGLGG9TG38"		"2015-12-30T08:11:37.4628181Z"	100	"yes"
"iRAEecYY53p3"		"2015-12-30T08:11:37.4628181Z"	100	"yes"
"F64w8uWqtl7W"		"2015-12-30T08:11:37.4628181Z"	100	"yes"
"xMX1ejCZDjiH"		"2015-12-30T08:11:37.4638181Z"	100	"yes"
"cT0FNkH5mnre"		"2015-12-30T08:11:37.4638181Z"	100	"yes"
"I3Wd7XItUGi7"		"2015-12-30T08:11:37.4638181Z"	100	"yes"
"cjsYTQGh1oIB"		"2015-12-30T08:11:37.4638181Z"	100	"yes"
"ITknvkHCPAuA"		"2015-12-30T08:11:37.4638181Z"	100	"yes"
"8gcpvQoSYmgg"		"2015-12-30T08:11:37.4638181Z"	100	"yes"
"pDdiWuMuNZJB"		"2015-12-30T08:11:37.4638181Z"	100	"yes"
"NCyx3gAyowU7"		"2015-12-30T08:11:37.4648182Z"	100	"yes"
"Nkim0sM2621u"		"2015-12-30T08:11:37.4648182Z"	100	"yes"
"ikERkRU3VAuM"		"2015-12-30T08:11:37.4648182Z"	100	"yes"
"mLIWc75t7A0C"		"2015-12-30T08:11:37.4648182Z"	100	"yes"
"JHRTXZCjZE18"		"2015-12-30T08:11:37.4648182Z"	100	"yes"
"lEztlWNkIXWY"		"2015-12-30T08:11:37.4648182Z"	100	"yes"
"W9ImfgrpL4Gn"		"2015-12-30T08:11:37.4648182Z"	100	"yes"
"jlxyKpmCcLUS"		"2015-12-30T08:11:37.4648182Z"	100	"yes"
"JNPzvC02dPQj"		"2015-12-30T08:11:37.4658183Z"	100	"yes"
"MgypMhexYfhm"		"2015-12-30T08:11:37.4658183Z"	100	"yes"
"l4Nq6mtRpj3y"		"2015-12-30T08:11:37.4658183Z"	100	"yes"
"LV8yrDjpiCMC"		"2015-12-30T08:11:37.4658183Z"	100	"yes"
"JkwPI2maDWXB"		"2015-12-30T08:11:37.4658183Z"	100	"yes"
"nZPJi6W8OJpN"		"2015-12-30T08:11:37.4658183Z"	100	"yes"
"x26Bgbs8BHny"		"2015-12-30T08:11:37.4658183Z"	100	"yes"
"MnbmD7zDa3Ab"		"2015-12-30T08:11:37.4668183Z"	100	"yes"
"ulLBYXoGxkLg"		"2015-12-30T08:11:37.4668183Z"	100	"yes"
"nR6rkNdQby9I"		"2015-12-30T08:11:37.4668183Z"	100	"yes"
"44RsHJRxpiJU"		"2015-12-30T08:11:37.4668183Z"	100	"yes"
"kDTLdNEaRbVW"		"2015-12-30T08:11:37.5668240Z"	100	"yes"
"50PMQgyp7DPQ"		"2015-12-30T08:11:37.5668240Z"	100	"yes"
"BGRtg4AdH9yC"		"2015-12-30T08:11:37.5668240Z"	100	"yes"
"HO33ybzKvtwz"		"2015-12-30T08:11:37.5668240Z"	100	"yes"
"EtVoA5ipsuPw"		"2015-12-30T08:11:37.5668240Z"	100	"yes"
"0JC0yWUkuiTM"		"2015-12-30T08:11:37.5668240Z"	100	"yes"
"I2cmvHnQKgvN"		"2015-12-30T08:11:37.5668240Z"	100	"yes"
"8rmDCFBrsFyx"		"2015-12-30T08:11:37.5678241Z"	100	"yes"
"6NYNcVTHjo31"		"2015-12-30T08:11:37.5678241Z"	100	"yes"
"uTGCi8hEfSzv"		"2015-12-30T08:11:37.5678241Z"	100	"yes"
"9hK8tuUDLCDP"		"2015-12-30T08:11:37.5678241Z"	100	"yes"
"UwdmA5aWlOAr"		"2015-12-30T08:11:37.5678241Z"	100	"yes"
"uzGzntdeAZQd"		"2015-12-30T08:11:37.5678241Z"	100	"yes"
"5X07Kc5WSc6l"		"2015-12-30T08:11:37.5678241Z"	100	"yes"
"1ZaHtC2svobn"		"2015-12-30T08:11:37.5678241Z"	100	"yes"
"MBh8QPXzaCuC"		"2015-12-30T08:11:37.5678241Z"	100	"yes"
"1n1Bit4VLAXd"		"2015-12-30T08:11:37.5688241Z"	100	"yes"
"8rMWr0q6Kf9T"		"2015-12-30T08:11:37.5688241Z"	100	"yes"
"oXa6mD7I0dzJ"		"2015-12-30T08:11:37.5688241Z"	100	"yes"
"3wWigLEuDX72"		"2015-12-30T08:11:37.5688241Z"	100	"yes"
"N4nkXjCXRAuW"		"2015-12-30T08:11:37.5688241Z"	100	"yes"
"MlxDqhvFXkxc"		"2015-12-30T08:11:37.5698242Z"	100	"yes"
"UuF1GyHdWham"		"2015-12-30T08:11:37.5698242Z"	100	"yes"
"O5P7qXKxhtCr"		"2015-12-30T08:11:37.5698242Z"	100	"yes"
"u0Kn1HXXa69p"		"2015-12-30T08:11:37.5698242Z"	100	"yes"
"S6whHIObcUkE"		"2015-12-30T08:11:37.5698242Z"	100	"yes"
"ruVRKGV81k4b"		"2015-12-30T08:11:37.5698242Z"	100	"yes"
"7UaPKKWNMkS0"		"2015-12-30T08:11:37.5698242Z"	100	"yes"
"uGxEGAPRiTSV"		"2015-12-30T08:11:37.5708243Z"	100	"yes"
"KaFryY4ZJYWj"		"2015-12-30T08:11:37.5708243Z"	100	"yes"
"Zrb9TvuEjQcx"		"2015-12-30T08:11:37.5708243Z"	100	"yes"
"XNTwbvs0gvXG"		"2015-12-30T08:11:37.5708243Z"	100	"yes"
"HJCpp6e2lBEh"		"2015-12-30T08:11:37.6708300Z"	100	"yes"
"FypH5iXjtRk8"		"2015-12-30T08:11:37.6708300Z"	100	"yes"
"swyzF52ZeOw1"		"2015-12-30T08:11:37.6708300Z"	100	"yes"
"itAtKH663Jxs"		"2015-12-30T08:11:37.6708300Z"	100	"yes"
"RTd5XVhJInUB"		"2015-12-30T08:11:37.6708300Z"	100	"yes"
"SiSa2fdgugZT"		"2015-12-30T08:11:37.6718300Z"	100	"yes"
"v9VeDI04CQjU"		"2015-12-30T08:11:37.6718300Z"	100	"yes"
"HGYBVhS0Sqr8"		"2015-12-30T08:11:37.6718300Z"	100	"yes"
"Xlqsz0inNDXq"		"2015-12-30T08:11:37.6718300Z"	100	"yes"
"JtqIo64BYBDF"		"2015-12-30T08:11:37.6718300Z"	100	"yes"
"RMAIVd1YRCCA"		"2015-12-30T08:11:37.6718300Z"	100	"yes"
"4cJQLd6BQ31l"		"2015-12-30T08:11:37.6718300Z"	100	"yes"
"nMxJHWApPot0"		"2015-12-30T08:11:37.6728301Z"	100	"yes"
"GrbMYVyNPZr0"		"2015-12-30T08:11:37.6728301Z"	100	"yes"
"QT4z2Cf47KW4"		"2015-12-30T08:11:37.6728301Z"	100	"yes"
"xGouqTnDr8Xp"		"2015-12-30T08:11:37.6728301Z"	100	"yes"
"y4QhohmTazV8"		"2015-12-30T08:11:37.6728301Z"	100	"yes"
"4kTUbVNuEW1P"		"2015-12-30T08:11:37.6728301Z"	100	"yes"
"7UkZB4Sa3tMb"		"2015-12-30T08:11:37.6728301Z"	100	"yes"
"Ij84lYn3fUwn"		"2015-12-30T08:11:37.6738302Z"	100	"yes"
"s8EPJZ07TLDB"		"2015-12-30T08:11:37.6738302Z"	100	"yes"
"9wFb47BWCgTw"		"2015-12-30T08:11:37.6738302Z"	100	"yes"
"Ifj5tWle33Tp"		"2015-12-30T08:11:37.6738302Z"	100	"yes"
"qtKgRLWYxymk"		"2015-12-30T08:11:37.6738302Z"	100	"yes"
"vrPAiuuKynbY"		"2015-12-30T08:11:37.6738302Z"	100	"yes"
"f87dxVngnuZ2"		"2015-12-30T08:11:37.6738302Z"	100	"yes"
"mreX9pjhNg7t"		"2015-12-30T08:11:37.6748302Z"	100	"yes"
"7TJz4uuKqXcG"		"2015-12-30T08:11:37.6748302Z"	100	"yes"
"WTrDNrCV2JpL"		"2015-12-30T08:11:37.6748302Z"	100	"yes"
"QAOLURCuieuY"		"2015-12-30T08:11:37.6748302Z"	100	"yes"
"LX5h7fsckHuv"		"2015-12-30T08:11:37.6748302Z"	100	"yes"
"DqC5kw2PqeWM"		"2015-12-30T08:11:37.6748302Z"	100	"yes"
"4aUQpaj54bkZ"		"2015-12-30T08:11:37.7748359Z"	100	"yes"
"brNBhCrMpgrR"		"2015-12-30T08:11:37.7748359Z"	100	"yes"
"amoPoqv9oJCU"		"2015-12-30T08:11:37.7748359Z"	100	"yes"
"yraLT8ZB4yxL"		"2015-12-30T08:11:37.7748359Z"	100	"yes"
"uqdCbdigBF0d"		"2015-12-30T08:11:37.7748359Z"	100	"yes"
"VLA7MulPX1qv"		"2015-12-30T08:11:37.7758360Z"	100	"yes"
"7WzRDEuTohRc"		"2015-12-30T08:11:37.7758360Z"	100	"yes"
"i7isT3MeWZXR"		"2015-12-30T08:11:37.7758360Z"	100	"yes"
"xmfDY4rcYR36"		"2015-12-30T08:11:37.7758360Z"	100	"yes"
"35gdvq8722PZ"		"2015-12-30T08:11:37.7758360Z"	100	"yes"
"5O2Zu1LoLh7G"		"2015-12-30T08:11:37.7768360Z"	100	"yes"
"As8ynY2tGCVX"		"2015-12-30T08:11:37.7768360Z"	100	"yes"
"IWVB23CmDxZO"		"2015-12-30T08:11:37.7768360Z"	100	"yes"
"L7itTVEDMP1Q"		"2015-12-30T08:11:37.7768360Z"	100	"yes"
"UMUD9RtkXWGc"		"2015-12-30T08:11:37.7768360Z"	100	"yes"
"GUOagGbLWGU1"		"2015-12-30T08:11:37.7768360Z"	100	"yes"
"zwunnbRMr5W6"		"2015-12-30T08:11:37.7778361Z"	100	"yes"
"6ebukTpNTyTf"		"2015-12-30T08:11:37.7778361Z"	100	"yes"
"4txwSszT2lsh"		"2015-12-30T08:11:37.7778361Z"	100	"yes"
"W7RIORRhAFbd"		"2015-12-30T08:11:37.7778361Z"	100	"yes"
"1LK71x0WTRDP"		"2015-12-30T08:11:37.7778361Z"	100	"yes"
"kEc9EH3c4649"		"2015-12-30T08:11:37.7778361Z"	100	"yes"
"c5z4MJqe07mo"		"2015-12-30T08:11:37.7778361Z"	100	"yes"
"dGhuLZkzEztx"		"2015-12-30T08:11:37.7788362Z"	100	"yes"
"movVLWBMIVVh"		"2015-12-30T08:11:37.7788362Z"	100	"yes"
"ns7XXuJ8XKTU"		"2015-12-30T08:11:37.7788362Z"	100	"yes"
"D2P7JgWjCvkr"		"2015-12-30T08:11:37.7788362Z"	100	"yes"
"Lj8ET08bW7fy"		"2015-12-30T08:11:37.7788362Z"	100	"yes"
"oZd57tAiXaGu"		"2015-12-30T08:11:37.7788362Z"	100	"yes"
"04qjHD11oiqo"		"2015-12-30T08:11:37.7788362Z"	100	"yes"
"W0ywJLAwxxNW"		"2015-12-30T08:11:37.7798362Z"	100	"yes"
"JjiaZm4Vk5ME"		"2015-12-30T08:11:37.7798362Z"	100	"yes"
"SDKCPWi50yRa"		"2015-12-30T08:11:37.8798419Z"	100	"yes"
"vEQsb4CLSsmK"		"2015-12-30T08:11:37.8798419Z"	100	"yes"
"BqeIgN2EgJp5"		"2015-12-30T08:11:37.8798419Z"	100	"yes"
"w4xcFJB99o9H"		"2015-12-30T08:11:37.8798419Z"	100	"yes"
"pV5eGTlG4As4"		"2015-12-30T08:11:37.8798419Z"	100	"yes"
"tLqYMM33ebwX"		"2015-12-30T08:11:37.8808420Z"	100	"yes"
"etU96ruozMs7"		"2015-12-30T08:11:37.8808420Z"	100	"yes"
"DsNPpJzWna3Q"		"2015-12-30T08:11:37.8808420Z"	100	"yes"
"2WRmlGul00aW"		"2015-12-30T08:11:37.8808420Z"	100	"yes"
"JqTITZscDcd9"		"2015-12-30T08:11:37.8808420Z"	100	"yes"
"jfjGGz2f0lxO"		"2015-12-30T08:11:37.8808420Z"	100	"yes"
"nKMv44bcu9Mo"		"2015-12-30T08:11:37.8808420Z"	100	"yes"
"uKojW6F5fjyo"		"2015-12-30T08:11:37.8818420Z"	100	"yes"
"STDfONG3hiNV"		"2015-12-30T08:11:37.8818420Z"	100	"yes"
"CQ4xpim4l1TW"		"2015-12-30T08:11:37.8818420Z"	100	"yes"
"uH1bzuplPz5Q"		"2015-12-30T08:11:37.8818420Z"	100	"yes"
"W7qDlSnEiQUm"		"2015-12-30T08:11:37.8818420Z"	100	"yes"
"mWehcbR8dkR2"		"2015-12-30T08:11:37.8818420Z"	100	"yes"
"FsNw30qCNhmb"		"2015-12-30T08:11:37.8818420Z"	100	"yes"
"Tcq1zs2ODNIY"		"2015-12-30T08:11:37.8818420Z"	100	"yes"
"hcAs30yiCzmu"		"2015-12-30T08:11:37.8828421Z"	100	"yes"
"kscZNtwAGduq"		"2015-12-30T08:11:37.8828421Z"	100	"yes"
"LBKWI5B1wdEE"		"2015-12-30T08:11:37.8828421Z"	100	"yes"
"ovsXyeNuJwpj"		"2015-12-30T08:11:37.8828421Z"	100	"yes"
"L8K99WZwPOxo"		"2015-12-30T08:11:37.8828421Z"	100	"yes"
"ioR9B0aqAj00"		"2015-12-30T08:11:37.8828421Z"	100	"yes"
"R58xgUVVhcoJ"		"2015-12-30T08:11:37.8828421Z"	100	"yes"
"QrkibLE51ixj"		"2015-12-30T08:11:37.8838422Z"	100	"yes"
"q8rCyraHyEJi"		"2015-12-30T08:11:37.8838422Z"	100	"yes"
"aqEpuaw66JES"		"2015-12-30T08:11:37.8838422Z"	100	"yes"
"NCVzrkxYecmw"		"2015-12-30T08:11:37.8838422Z"	100	"yes"
"Tz8ebWbhnDlV"		"2015-12-30T08:11:37.8838422Z"	100	"yes"
"piKgOyic2Cg1"		"2015-12-30T08:11:37.9838479Z"	100	"yes"
"TNQKoDYzXBWE"		"2015-12-30T08:11:37.9838479Z"	100	"yes"
"cKpessB978Tv"		"2015-12-30T08:11:37.9838479Z"	100	"yes"
"JKKCeINenZLk"		"2015-12-30T08:11:37.9838479Z"	100	"yes"
"rF7mfVsywHHq"		"2015-12-30T08:11:37.9838479Z"	100	"yes"
"1s8ycFfDVJEH"		"2015-12-30T08:11:37.9848479Z"	100	"yes"
"PAe9sSLgr7VU"		"2015-12-30T08:11:37.9848479Z"	100	"yes"
"UpoWcZZZ6Lwc"		"2015-12-30T08:11:37.9848479Z"	100	"yes"
"Sdd2RFt7dFXa"		"2015-12-30T08:11:37.9848479Z"	100	"yes"
"AezMJyPKgeWw"		"2015-12-30T08:11:37.9848479Z"	100	"yes"
"wx63I3So8hhj"		"2015-12-30T08:11:37.9848479Z"	100	"yes"
"PQBTzcBWQLRb"		"2015-12-30T08:11:37.9848479Z"	100	"yes"
"2OgTnn8MZVCr"		"2015-12-30T08:11:37.9858480Z"	100	"yes"
"yvWer9JcwgcU"		"2015-12-30T08:11:37.9858480Z"	100	"yes"
"8Mu3TyeSCkAu"		"2015-12-30T08:11:37.9858480Z"	100	"yes"
"3ruttOQx4dRO"		"2015-12-30T08:11:37.9858480Z"	100	"yes"
"xjNG9UKaJrKC"		"2015-12-30T08:11:37.9858480Z"	100	"yes"
"ob4P81c9CDlC"		"2015-12-30T08:11:37.9858480Z"	100	"yes"
"Xmdc2sSsuTD5"		"2015-12-30T08:11:37.9858480Z"	100	"yes"
"w5KSDc7rqZHq"		"2015-12-30T08:11:37.9868481Z"	100	"yes"
"RPMe7eLYWTcq"		"2015-12-30T08:11:37.9868481Z"	100	"yes"
"FI3JTn5f7e5w"		"2015-12-30T08:11:37.9868481Z"	100	"yes"
"3H1n4shk8pY4"		"2015-12-30T08:11:37.9868481Z"	100	"yes"
"KTMcW3BqpWLT"		"2015-12-30T08:11:37.9868481Z"	100	"yes"
"vV8XM6WWlE2H"		"2015-12-30T08:11:37.9868481Z"	100	"yes"
"FaDc0m56X2BD"		"2015-12-30T08:11:37.9868481Z"	100	"yes"
"qyoW2ac40S3P"		"2015-12-30T08:11:37.9878481Z"	100	"yes"
"xUjOAHOGESzF"		"2015-12-30T08:11:37.9878481Z"	100	"yes"
"t0U5KedUpG2v"		"2015-12-30T08:11:37.9878481Z"	100	"yes"
"IX4fmAeaELjD"		"2015-12-30T08:11:37.9878481Z"	100	"yes"
"9YIWo6oMEgsd"		"2015-12-30T08:11:37.9878481Z"	100	"yes"
"CJvvwmcXKXIB"		"2015-12-30T08:11:37.9878481Z"	100	"yes"
"18P2q7wamzst"		"2015-12-30T08:11:38.0878538Z"	100	"yes"
"2fnbJiPaA4Fx"		"2015-12-30T08:11:38.0878538Z"	100	"yes"
"zzEjAMJvyaqG"		"2015-12-30T08:11:38.0878538Z"	100	"yes"
"imsNpMkzo7QK"		"2015-12-30T08:11:38.0878538Z"	100	"yes"
"EnTuYlDGkyl9"		"2015-12-30T08:11:38.0878538Z"	100	"yes"
"2HAfxw6OLdLz"		"2015-12-30T08:11:38.0888539Z"	100	"yes"
"pQKkkcISx92i"		"2015-12-30T08:11:38.0888539Z"	100	"yes"
"oHDO77ijmJqI"		"2015-12-30T08:11:38.0888539Z"	100	"yes"
"DSoEtfL1cYoN"		"2015-12-30T08:11:38.0888539Z"	100	"yes"
"HKAUg0qr66Am"		"2015-12-30T08:11:38.0888539Z"	100	"yes"
"1s9dKkKXOiUT"		"2015-12-30T08:11:38.0888539Z"	100	"yes"
"9llpVtqWxXW2"		"2015-12-30T08:11:38.0888539Z"	100	"yes"
"qrsM5gIDD0jS"		"2015-12-30T08:11:38.0898539Z"	100	"yes"
"b3Lq0BhpUM9F"		"2015-12-30T08:11:38.0898539Z"	100	"yes"
"lbMJirU3jrw9"		"2015-12-30T08:11:38.0898539Z"	100	"yes"
"BehKTpBy4H8l"		"2015-12-30T08:11:38.0898539Z"	100	"yes"
"9Vnk4lA6q1fC"		"2015-12-30T08:11:38.0898539Z"	100	"yes"
"0H3mkA3OsNdW"		"2015-12-30T08:11:38.0898539Z"	100	"yes"
"jjDSxAtjItcp"		"2015-12-30T08:11:38.0898539Z"	100	"yes"
"XAx44gArmAFQ"		"2015-12-30T08:11:38.0908540Z"	100	"yes"
"YPsgCF4mW7BU"		"2015-12-30T08:11:38.0908540Z"	100	"yes"
"QFBEjTpNGkXV"		"2015-12-30T08:11:38.0908540Z"	100	"yes"
"4jG799AE0yuT"		"2015-12-30T08:11:38.0908540Z"	100	"yes"
"ZxXCF8XlC8a4"		"2015-12-30T08:11:38.0908540Z"	100	"yes"
"Id0GwtASUIbr"		"2015-12-30T08:11:38.0908540Z"	100	"yes"
"MezMKOolLyzx"		"2015-12-30T08:11:38.0918541Z"	100	"yes"
"J86txDYNei9E"		"2015-12-30T08:11:38.0918541Z"	100	"yes"
"sKwIVM4rid5d"		"2015-12-30T08:11:38.0918541Z"	100	"yes"
"NBZo2Wcfy9eC"		"2015-12-30T08:11:38.0918541Z"	100	"yes"
"vlolDDSNWsLX"		"2015-12-30T08:11:38.0918541Z"	100	"yes"
"CtSNHO5ycgjX"		"2015-12-30T08:11:38.0918541Z"	100	"yes"
"zy6beH9Nmszb"		"2015-12-30T08:11:38.0928541Z"	100	"yes"
"lgGDwRrRnuLw"		"2015-12-30T08:11:38.1928598Z"	100	"yes"
"oJRt3rRIQTB4"		"2015-12-30T08:11:38.1928598Z"	100	"yes"
"NTMDKRymZxtP"		"2015-12-30T08:11:38.1928598Z"	100	"yes"
"8ZZqyta6P0Zw"		"2015-12-30T08:11:38.1928598Z"	100	"yes"
"g9DzLNKmX6Te"		"2015-12-30T08:11:38.1928598Z"	100	"yes"
"Y9YF1UJmnUsm"		"2015-12-30T08:11:38.1928598Z"	100	"yes"
"txxpEWH3g98b"		"2015-12-30T08:11:38.1928598Z"	100	"yes"
"WmkJDt6rmEtW"		"2015-12-30T08:11:38.1928598Z"	100	"yes"
"aLyiqGiTem4w"		"2015-12-30T08:11:38.1928598Z"	100	"yes"
"kAyA503pGo3k"		"2015-12-30T08:11:38.1928598Z"	100	"yes"
"sV86QfQ1TlNN"		"2015-12-30T08:11:38.1928598Z"	100	"yes"
"hPSyKdlhlS2T"		"2015-12-30T08:11:38.1938599Z"	100	"yes"
"tTfIVJEfo70S"		"2015-12-30T08:11:38.1938599Z"	100	"yes"
"eHjGHRPDZRIZ"		"2015-12-30T08:11:38.1938599Z"	100	"yes"
"HY4GtkN41wuL"		"2015-12-30T08:11:38.1938599Z"	100	"yes"
"BY2a1rSdIJb1"		"2015-12-30T08:11:38.1938599Z"	100	"yes"
"iEHIXJIyhxNN"		"2015-12-30T08:11:38.1938599Z"	100	"yes"
"laxSQtYgogTw"		"2015-12-30T08:11:38.1938599Z"	100	"yes"
"jzOAYR7OgLr2"		"2015-12-30T08:11:38.1938599Z"	100	"yes"
"s3SQ0d7P9k5I"		"2015-12-30T08:11:38.1938599Z"	100	"yes"
"Wqw4Oh2u1xi6"		"2015-12-30T08:11:38.1938599Z"	100	"yes"
"O953Al2ixzne"		"2015-12-30T08:11:38.1938599Z"	100	"yes"
"zMwCFqZDM4Z3"		"2015-12-30T08:11:38.1938599Z"	100	"yes"
"ykMRAwnoeg9J"		"2015-12-30T08:11:38.1938599Z"	100	"yes"
"U2lQXHs9AYT2"		"2015-12-30T08:11:38.1948600Z"	100	"yes"
"6y01hxndsJCF"		"2015-12-30T08:11:38.1948600Z"	100	"yes"
"BX8VgccgKBgZ"		"2015-12-30T08:11:38.1948600Z"	100	"yes"
"nY31zEm2HrWS"		"2015-12-30T08:11:38.1948600Z"	100	"yes"
"qIvSOAVlQPYR"		"2015-12-30T08:11:38.1948600Z"	100	"yes"
"dawSG3ORf53m"		"2015-12-30T08:11:38.1948600Z"	100	"yes"
"Bgj2Dp2SftFO"		"2015-12-30T08:11:38.1948600Z"	100	"yes"
"rkVmyA2Zea3K"		"2015-12-30T08:11:38.1948600Z"	100	"yes"
"bqPVwxyNnhXg"		"2015-12-30T08:11:38.2948657Z"	100	"yes"
"Cicl1qzwYb2S"		"2015-12-30T08:11:38.2948657Z"	100	"yes"
"UAksENmYPGZE"		"2015-12-30T08:11:38.2948657Z"	100	"yes"
"4EisPAfoSwRM"		"2015-12-30T08:11:38.2948657Z"	100	"yes"
"V6I0Pr4OG0r6"		"2015-12-30T08:11:38.2958657Z"	100	"yes"
"0BsgzD1dsO09"		"2015-12-30T08:11:38.2958657Z"	100	"yes"
"PR6i7rDxvBRp"		"2015-12-30T08:11:38.2958657Z"	100	"yes"
"n46V4ksTsz1V"		"2015-12-30T08:11:38.2958657Z"	100	"yes"
"QYC9ikWwcKOc"		"2015-12-30T08:11:38.2958657Z"	100	"yes"
"MntSuk3tvMrB"		"2015-12-30T08:11:38.2958657Z"	100	"yes"
"SeK3ARmbFKba"		"2015-12-30T08:15:13.9952030Z"	100	"yes"
"sJNff1kfH8IV"		"2015-12-30T08:16:13.1815883Z"	100	"yes"
